{
  "no_inspection": {
    "q10": -0.15376281838207562,
    "q90": 0.17246204253052166,
    "count": 14773
  },
  "score_only": {
    "q10": -0.12685646567352693,
    "q90": 0.14905237786692124,
    "count": 2051
  },
  "text_proxy": {
    "q10": -0.14693285463283318,
    "q90": 0.14572994914637127,
    "count": 13666
  },
  "default": {
    "q10": -0.14908591245631495,
    "q90": 0.15792976573878423,
    "count": 30490
  }
}