{
  "no_inspection": {
    "q10": -0.14792139782272407,
    "q90": 0.13094438785609502,
    "count": 572
  },
  "score_only": {
    "q10": -0.10298169181108403,
    "q90": 0.07882936883735102,
    "count": 94
  },
  "text_proxy": {
    "q10": -0.1321849181671489,
    "q90": 0.12512189550771363,
    "count": 534
  },
  "default": {
    "q10": -0.13718233102762808,
    "q90": 0.12235034811285732,
    "count": 1200
  }
}