feature,importance
engine_capacity_cc,23.01399866216186
car_age,18.4941951208655
year,14.855816528953973
make,11.02565074966834
transmission,9.522004365435656
model,7.602261691274223
body_type,7.5438590550810005
fuel_type,3.090820215627889
assembly,1.6148770277673332
registered_in,1.5445020878349067
log_mileage,1.0880715822166414
mileage,0.4359713424570274
variant,0.15556241458412026
body_type_missing_flag,0.01240915607162366
