feature,importance
engine_capacity_cc,25.875777426745685
car_age,18.719965168371996
year,14.184218408757474
transmission,10.52600959695519
model,8.54245262083762
make,7.966425096669059
body_type,6.226713169853596
fuel_type,2.8243631133041722
assembly,1.6297714284818414
registered_in,1.6286473400051942
mileage,0.8196591596298779
log_mileage,0.7591384269201946
variant,0.18426888251912354
color,0.1125901609490591
