{
  "no_inspection": {
    "mae": 500154.98782336595,
    "median_ae": 191526.08298529382,
    "mape": 0.11147922626440547,
    "r2": 0.8673793599103794,
    "count": 14773
  },
  "score_only": {
    "mae": 680002.9964031565,
    "median_ae": 243301.77487665648,
    "mape": 0.09239676074765875,
    "r2": 0.9088305149766045,
    "count": 2051
  },
  "section_based": {
    "count": 0
  },
  "text_proxy": {
    "mae": 441056.7120076956,
    "median_ae": 178648.07547665108,
    "mape": 0.10383059407732884,
    "r2": 0.8973464887213333,
    "count": 13666
  }
}