{
  "mae": 515371.9842098695,
  "median_ae": 173484.1568499353,
  "mape": 0.10711878185379135,
  "r2": 0.9127816562763442,
  "count": 1200
}