{
  "by_prediction_mode": {
    "no_inspection": {
      "mae": 500154.98782336595,
      "median_ae": 191526.08298529382,
      "mape": 0.11147922626440547,
      "r2": 0.8673793599103794,
      "count": 14773
    },
    "score_only": {
      "mae": 680002.9964031565,
      "median_ae": 243301.77487665648,
      "mape": 0.09239676074765875,
      "r2": 0.9088305149766045,
      "count": 2051
    },
    "text_proxy": {
      "mae": 441056.7120076956,
      "median_ae": 178648.07547665108,
      "mape": 0.10383059407732884,
      "r2": 0.8973464887213333,
      "count": 13666
    }
  },
  "by_support_tier": {
    "thin": {
      "mae": 485764.4082333429,
      "median_ae": 187692.0770182861,
      "mape": 0.10676737502650986,
      "r2": 0.8852559849079146,
      "count": 30490
    }
  },
  "by_price_band": {
    "budget": {
      "mae": 148987.66196283558,
      "median_ae": 106419.4753548447,
      "mape": 0.14148357844343923,
      "r2": 0.5469418139784925,
      "count": 9017
    },
    "luxury": {
      "mae": 5387507.094998292,
      "median_ae": 2776427.0126569904,
      "mape": 0.17697528641750734,
      "r2": 0.5508052360000291,
      "count": 909
    },
    "mid": {
      "mae": 297825.0139222758,
      "median_ae": 206095.55900492053,
      "mape": 0.08574052144626634,
      "r2": 0.8112300781661831,
      "count": 16151
    },
    "premium": {
      "mae": 852055.1348070729,
      "median_ae": 496553.40733290464,
      "mape": 0.09832634047170469,
      "r2": 0.5981904435251013,
      "count": 4413
    }
  },
  "by_make_top10": {
    "Suzuki": {
      "mae": 171500.22445858127,
      "median_ae": 110482.58744314406,
      "mape": 0.10999242597766848,
      "r2": 0.5886621911079033,
      "count": 9071
    },
    "Toyota": {
      "mae": 618979.3195617473,
      "median_ae": 274059.5403737107,
      "mape": 0.10073174878678536,
      "r2": 0.9385048456308748,
      "count": 8702
    },
    "Honda": {
      "mae": 291573.2477430737,
      "median_ae": 194555.22905491665,
      "mape": 0.08546650548444826,
      "r2": 0.9406802067081781,
      "count": 6005
    },
    "Daihatsu": {
      "mae": 212220.22319351474,
      "median_ae": 140483.20107288496,
      "mape": 0.10185736532454402,
      "r2": 0.9500949148423311,
      "count": 1598
    },
    "Nissan": {
      "mae": 588938.4488231469,
      "median_ae": 254981.27240825957,
      "mape": 0.13409900483168216,
      "r2": 0.6025059100291943,
      "count": 859
    },
    "Hyundai": {
      "mae": 508578.4914052772,
      "median_ae": 181792.8380645578,
      "mape": 0.09549639383684522,
      "r2": 0.9322147213784326,
      "count": 738
    },
    "Kia": {
      "mae": 679515.0873068187,
      "median_ae": 339583.40365378186,
      "mape": 0.10473621869606478,
      "r2": 0.8327385317151131,
      "count": 711
    },
    "Changan": {
      "mae": 476032.20456756593,
      "median_ae": 300741.4266860336,
      "mape": 0.10812172136708667,
      "r2": 0.9278356043597453,
      "count": 375
    },
    "Mitsubishi": {
      "mae": 315686.6410067727,
      "median_ae": 201096.66718706745,
      "mape": 0.15998488207723865,
      "r2": 0.7764775617488154,
      "count": 360
    },
    "Haval": {
      "mae": 736704.0059112209,
      "median_ae": 639597.669099357,
      "mape": 0.0687579563865235,
      "r2": 0.6809520552885777,
      "count": 346
    }
  }
}